Feature,Mean |SHAP|
Feature_0,0.024492221743540456
Feature_3,0.012273985162491128
Feature_1,0.010025664051826507
Feature_2,0.0053196387479229916
